image,line,position_in_line,text,confidence,gap_before_px,char_width_px,gap_ratio,space_inserted_before,x0,y0,x1,y1
Screenshot 2569-08-20 at 00.38.37.png,0,0,กนตกว,91.3,,17.46,,line-start,30.2,32.2,121.1,58.6
Screenshot 2569-08-20 at 00.38.37.png,0,1,.,12.4,-83.19,17.46,-4.764,False,38.0,26.1,52.0,36.3
Screenshot 2569-08-20 at 00.38.37.png,0,2,ู,61.5,49.91,17.46,2.858,True,101.9,25.4,119.2,37.8
Screenshot 2569-08-20 at 00.38.40.png,0,0,จิตพร,62.3,,14.36,,line-start,24.6,36.4,96.4,68.5
Screenshot 2569-08-20 at 00.38.42.png,0,0,ภานุวัฒน์,79.2,,13.29,,line-start,28.3,14.1,147.9,66.7
Screenshot 2569-08-20 at 00.38.44.png,0,0,พัชรี,77.4,,11.16,,line-start,36.0,18.7,91.8,55.1
Screenshot 2569-08-20 at 00.38.47.png,0,0,ู,22.7,,13.23,,line-start,35.9,23.6,49.2,34.2
Screenshot 2569-08-20 at 00.38.47.png,1,0,เกยรตการณ,98.6,,15.34,,line-start,25.3,30.9,170.6,57.4
Screenshot 2569-08-20 at 00.38.47.png,1,1,a,97.9,-36.08,15.34,-2.352,False,134.6,53.8,142.6,62.4
